epoch;loss;train_acc;train_auprc;train_auroc;train_minpse;train_prec0;train_prec1;train_rec0;train_rec1;val_acc;val_auprc;val_auroc;val_loss;val_minpse;val_prec0;val_prec1;val_rec0;val_rec1
0;0.4787887632846832;0.5845016241073608;0.4347715826909156;0.7661469556766805;0.4171779141104294;0.8471721;0.52307695;0.95782316;0.21118012;0.6399286985397339;0.4629943153557738;0.7544068132303425;0.32793569564819336;0.4444444444444444;0.9076923;0.47368422;0.9465241;0.33333334
1;0.4385680556297302;0.5;0.4589527905282973;0.793670511682934;0.45930232558139533;0.8203125;nan;1.0;0.0;0.5185185074806213;0.47117192378455847;0.7954050306991483;0.3543100357055664;0.48148148148148145;0.8779343;1.0;1.0;0.037037037
2;0.43755683302879333;0.5570541024208069;0.4870399979822953;0.803625301052098;0.4720496894409938;0.83777523;0.6363636;0.98367345;0.13043478;0.6428005695343018;0.5084629503629016;0.7847098435333729;0.3394816815853119;0.4444444444444444;0.90686274;0.8;0.98930484;0.2962963
3;0.4073171317577362;0.6050872206687927;0.520638981877213;0.8206785819918029;0.5182926829268293;0.8533969;0.6666667;0.97414964;0.23602484;0.6876609325408936;0.4693933344932212;0.8033273915626856;0.31004810333251953;0.42857142857142855;0.9187817;0.64705884;0.96791446;0.4074074
4;0.3993540108203888;0.6366163492202759;0.5355059790524278;0.8227489753665442;0.546583850931677;0.86469865;0.61445785;0.95646256;0.3167702;0.6769657135009766;0.4359259162507553;0.7967914438502673;0.3098369538784027;0.4444444444444444;0.91709846;0.52380955;0.9465241;0.4074074
5;0.40686139464378357;0.5411416888237;0.5127997999770693;0.8045210630836186;0.5426829268292683;0.8327606;0.65217394;0.98911566;0.0931677;0.5528817772865295;0.4731540313667006;0.765102000396118;0.32513538002967834;0.45161290322580644;0.8857143;0.75;0.9946524;0.11111111
6;0.4074636995792389;0.5894705653190613;0.5557096690375495;0.8309460430134787;0.572289156626506;0.8479532;0.75609756;0.9863946;0.19254659;0.6057635545730591;0.5089329273378378;0.8209546444840562;0.2981508672237396;0.48148148148148145;0.89805824;0.75;0.98930484;0.22222222
7;0.3928966522216797;0.6455486416816711;0.5564712169862734;0.8272277855241474;0.5652173913043478;0.8674847;0.654321;0.96190476;0.32919255;0.6718161702156067;0.49358699109687204;0.773816597346009;0.33328667283058167;0.4444444444444444;0.91457283;0.6666667;0.973262;0.37037036
8;0.4003288149833679;0.642443060874939;0.5491029505485536;0.8340981112942071;0.5389221556886228;0.8664216;0.65;0.96190476;0.32298136;0.6426025032997131;0.43649254748797117;0.7649039413745297;0.3181471824645996;0.48148148148148145;0.90816325;0.5;0.95187163;0.33333334
9;0.3902110457420349;0.6607808470726013;0.5711288421588419;0.8398360586470612;0.5652173913043478;0.8731343;0.6413044;0.955102;0.36645964;0.6584472060203552;0.47111461415147166;0.7611408199643493;0.3540087938308716;0.48148148148148145;0.91237116;0.5;0.9465241;0.37037036
10;0.3934047222137451;0.6288672089576721;0.5772234382440854;0.8292981788988886;0.5590062111801242;0.86107785;0.73770493;0.9782313;0.2795031;0.6428005695343018;0.5339379664935083;0.7694592988710636;0.3236125409603119;0.42105263157894735;0.90686274;0.8;0.98930484;0.2962963
11;0.39212766289711;0.6637977361679077;0.5841850454073901;0.8472979253813325;0.5555555555555556;0.87346435;0.70731705;0.96734697;0.36024845;0.6691424250602722;0.5020517432826185;0.7775797187561893;0.3307458162307739;0.4444444444444444;0.9141414;0.625;0.96791446;0.37037036
12;0.38249582052230835;0.6350783705711365;0.5776124691383893;0.8315206828072843;0.5679012345679012;0.86314523;0.74603176;0.9782313;0.29192546;0.6639928817749023;0.5826405270557502;0.7825311942959001;0.3303082287311554;0.5185185185185185;0.9117647;0.9;0.9946524;0.33333334
13;0.3849612772464752;0.6617568731307983;0.5795687213065586;0.8433599526767228;0.546583850931677;0.87299633;0.68235296;0.9632653;0.36024845;0.6823133230209351;0.5465813318806396;0.7817389582095464;0.321905255317688;0.48148148148148145;0.9179487;0.57894737;0.95721924;0.4074074
14;0.383760541677475;0.6652469635009766;0.5936295427365457;0.8451388008619597;0.546583850931677;0.8745342;0.6593407;0.95782316;0.3726708;0.6823133230209351;0.5555441611224294;0.750049514755397;0.3226955533027649;0.45161290322580644;0.9179487;0.57894737;0.95721924;0.4074074
15;0.38443201780319214;0.6215912103652954;0.5744169391163746;0.8286052309122407;0.5476190476190477;0.8585018;0.76363635;0.9823129;0.26086956;0.6586452722549438;0.5045544763929317;0.7227173697761933;0.32651805877685547;0.4411764705882353;0.9108911;0.75;0.98395723;0.33333334
16;0.3781008720397949;0.6660159826278687;0.5953016374001235;0.8406980183377699;0.5652173913043478;0.8754717;0.6138614;0.94693875;0.38509318;0.6611210107803345;0.5283502096095612;0.7427213309566252;0.3284870386123657;0.48148148148148145;0.9128205;0.5263158;0.95187163;0.37037036
17;0.40029916167259216;0.6628216505050659;0.5963500615020493;0.8577090463514598;0.5617977528089888;0.87360597;0.66292137;0.9591837;0.36645964;0.6611210107803345;0.517717514559938;0.7841156664686078;0.3222387731075287;0.45454545454545453;0.9128205;0.5263158;0.95187163;0.37037036
18;0.37401947379112244;0.6926944851875305;0.5952536624484047;0.857413275869354;0.5365853658536586;0.8861578;0.5934959;0.9319728;0.45341614;0.7006337642669678;0.4480976027406627;0.7944147355912061;0.32875239849090576;0.4642857142857143;0.9247312;0.4642857;0.9197861;0.4814815
19;0.3750081956386566;0.6656314730644226;0.6026700443097237;0.8598977479190434;0.558282208588957;0.875;0.6354167;0.95238096;0.378882;0.6584472060203552;0.5067229055110362;0.7754010695187166;0.3305474817752838;0.4117647058823529;0.91237116;0.5;0.9465241;0.37037036
20;0.3849713206291199;0.6676722764968872;0.5738935240281159;0.8505852030253095;0.5279503105590062;0.875467;0.65591395;0.95646256;0.378882;0.6849871277809143;0.47445392609630066;0.7516339869281046;0.3522424101829529;0.4375;0.9183673;0.6111111;0.96256685;0.4074074
21;0.37733277678489685;0.6527358889579773;0.5943791311585197;0.8666751172518697;0.5606936416184971;0.8695122;0.7105263;0.97006804;0.33540374;0.6613190770149231;0.5472219710230778;0.7963953258070905;0.32395029067993164;0.48148148148148145;0.91133004;0.8181818;0.98930484;0.33333334
22;0.37961384654045105;0.6884353756904602;0.5982175532254114;0.8583850931677018;0.5802469135802469;0.8833967;0.6448598;0.94829935;0.42857143;0.6742919683456421;0.5182680325364036;0.7716379481085364;0.3265840411186218;0.41935483870967744;0.9166667;0.5;0.9411765;0.4074074
23;0.3669777512550354;0.664182186126709;0.6131627008553893;0.8743397980310137;0.5962732919254659;0.8739184;0.6781609;0.96190476;0.36645964;0.693008542060852;0.5248197920977187;0.7651020003961181;0.3233870267868042;0.41379310344827586;0.919598;0.73333335;0.9786096;0.4074074
24;0.38004446029663086;0.6509908437728882;0.6012234273328975;0.8668694807115392;0.5740740740740741;0.8687728;0.72602737;0.9727891;0.32919255;0.6613190770149231;0.5141110584057745;0.7516339869281046;0.32632845640182495;0.4444444444444444;0.91133004;0.8181818;0.98930484;0.33333334
25;0.3770120143890381;0.6521443128585815;0.5939558801954873;0.8683483331220687;0.5449101796407185;0.8700495;0.6363636;0.95646256;0.3478261;0.6876609325408936;0.5453465928917863;0.792038027332145;0.32266169786453247;0.48148148148148145;0.9187817;0.64705884;0.96791446;0.4074074
26;0.39867550134658813;0.5031055808067322;0.48457376715874917;0.7883212912494191;0.4658385093167702;0.82122904;1.0;1.0;0.0062111802;0.5185185074806213;0.4695234420351614;0.799366211130917;0.33564290404319763;0.48148148148148145;0.8779343;1.0;1.0;0.037037037
27;0.38016676902770996;0.671635627746582;0.5618654798677563;0.8512697004267545;0.5308641975308642;0.87836105;0.57391304;0.93333334;0.4099379;0.6847890615463257;0.4737630646571498;0.8039215686274509;0.33493271470069885;0.48148148148148145;0.92021275;0.46153846;0.9251337;0.44444445
28;0.36044836044311523;0.6743566989898682;0.5699337893026889;0.8547175391895888;0.5294117647058824;0.8789809;0.5945946;0.93877554;0.4099379;0.6689443588256836;0.48088396434114866;0.7888690829867301;0.33490481972694397;0.41935483870967744;0.9157895;0.45833334;0.93048126;0.4074074
29;0.375009149312973;0.6652469635009766;0.5971217419098801;0.8700299995774707;0.5740740740740741;0.8745342;0.6593407;0.95782316;0.3726708;0.690334677696228;0.5591257724498696;0.786096256684492;0.31501683592796326;0.4444444444444444;0.9191919;0.6875;0.973262;0.4074074
30;0.35542115569114685;0.6614611148834229;0.6021912816091651;0.8674948240165632;0.5878787878787879;0.8732919;0.64835167;0.95646256;0.36645964;0.6769657135009766;0.4581648400672723;0.7599524658348188;0.35202091932296753;0.4074074074074074;0.91709846;0.52380955;0.9465241;0.4074074
31;0.35159680247306824;0.6468204855918884;0.5908769747530261;0.8560104787256517;0.546583850931677;0.8671498;0.75;0.9768708;0.3167702;0.6559714674949646;0.49912442911750465;0.7407407407407408;0.3372271955013275;0.43333333333333335;0.9104478;0.6923077;0.9786096;0.33333334
32;0.3611324727535248;0.6690328121185303;0.621438314893325;0.8796129631977014;0.5865921787709497;0.8757764;0.6703297;0.9591837;0.378882;0.6611210107803345;0.511565385234428;0.7662903545256486;0.33695313334465027;0.4074074074074074;0.9128205;0.5263158;0.95187163;0.37037036
33;0.36471840739250183;0.6669033169746399;0.6171983984543571;0.8692947986648075;0.5714285714285714;0.8745387;0.7108434;0.96734697;0.36645964;0.6823133230209351;0.502438917155984;0.7734204793028322;0.3484150469303131;0.4074074074074074;0.9179487;0.57894737;0.95721924;0.4074074
34;0.35895413160324097;0.6745637655258179;0.6036891053165597;0.871103223898255;0.546583850931677;0.8778055;0.67021275;0.95782316;0.39130434;0.6769657135009766;0.5137478071286399;0.7510398098633393;0.345156729221344;0.41379310344827586;0.91709846;0.52380955;0.9465241;0.4074074
35;0.35473567247390747;0.6707778573036194;0.6106707867371559;0.8716271601808425;0.5714285714285714;0.8765586;0.65957445;0.95646256;0.38509318;0.6559714674949646;0.5403067911887701;0.7728263022380669;0.33851194381713867;0.48148148148148145;0.9104478;0.6923077;0.9786096;0.33333334
36;0.35982975363731384;0.6819283962249756;0.5988973361787682;0.8704947817636371;0.546583850931677;0.8815287;0.6126126;0.9414966;0.42236024;0.7035056352615356;0.5467102007520449;0.7781738958209546;0.3289106786251068;0.4642857142857143;0.9230769;0.6315789;0.96256685;0.44444445
37;0.3675953447818756;0.6773735284805298;0.6012255709949651;0.868762411797017;0.5527950310559007;0.8792453;0.64356434;0.9510204;0.4037267;0.7061794400215149;0.5626893837059558;0.7845117845117845;0.35484492778778076;0.48148148148148145;0.92346936;0.6666667;0.96791446;0.44444445
38;0.3565221130847931;0.700650691986084;0.5956195232265573;0.8552583766425825;0.5527950310559007;0.88932294;0.59375;0.92925173;0.47204968;0.6874628663063049;0.550860002871518;0.7765894236482472;0.3657335638999939;0.4827586206896552;0.9206349;0.48;0.93048126;0.44444445
39;0.38428568840026855;0.6620526313781738;0.6147911431884144;0.8692525457387924;0.5621301775147929;0.87270504;0.721519;0.97006804;0.35403726;0.6798375844955444;0.5307675485905141;0.7809467221231927;0.30879008769989014;0.4444444444444444;0.9158416;0.8333333;0.98930484;0.37037036
40;0.3619695007801056;0.6708666086196899;0.600453413528307;0.8664807537922;0.5652173913043478;0.8773704;0.60952383;0.9442177;0.39751554;0.6742919683456421;0.5342172909052388;0.7508417508417509;0.3504551649093628;0.48148148148148145;0.9166667;0.5;0.9411765;0.4074074
41;0.3521549105644226;0.6527358889579773;0.616963515687956;0.877491866311742;0.5882352941176471;0.8695122;0.7105263;0.97006804;0.33540374;0.6744899749755859;0.5238959063662126;0.7704495939790058;0.33034655451774597;0.48148148148148145;0.915;0.71428573;0.9786096;0.37037036
42;0.34622687101364136;0.6803904175758362;0.6226163525858837;0.872463768115942;0.588957055214724;0.87950313;0.7032967;0.9632653;0.39751554;0.7088532447814941;0.526694231903619;0.7593582887700534;0.36281782388687134;0.4444444444444444;0.92385787;0.7058824;0.973262;0.44444445
43;0.3598095774650574;0.6904761791229248;0.6231793452117971;0.8752186588921284;0.5652173913043478;0.88383836;0.66346157;0.95238096;0.42857143;0.7035056352615356;0.529356034103662;0.7621311150722915;0.3357871472835541;0.5;0.9230769;0.6315789;0.96256685;0.44444445
44;0.3468591868877411;0.6821354627609253;0.6387307664794079;0.8825875691891664;0.6149068322981367;0.88029927;0.69148934;0.9605442;0.4037267;0.7061794400215149;0.5535899795423734;0.7868884927708456;0.31269460916519165;0.5;0.92346936;0.6666667;0.96791446;0.44444445
45;0.3483107388019562;0.6829044818878174;0.5998238883309825;0.8744834579794651;0.5838509316770186;0.88131315;0.6442308;0.9496599;0.41614908;0.6876609325408936;0.5356872038388799;0.7785700138641315;0.32961657643318176;0.48148148148148145;0.9187817;0.64705884;0.96791446;0.4074074
46;0.35930535197257996;0.6354628801345825;0.616775310381605;0.8740186757932986;0.6024844720496895;0.8635266;0.7058824;0.9727891;0.29813665;0.6586452722549438;0.5052755595583619;0.7599524658348187;0.3524227738380432;0.4444444444444444;0.9108911;0.75;0.98395723;0.33333334
47;0.3422146737575531;0.6703933477401733;0.6430310104152182;0.8853424599653525;0.6086956521739131;0.87608427;0.6853933;0.96190476;0.378882;0.6744899749755859;0.5078524684711452;0.7611408199643493;0.33190375566482544;0.4444444444444444;0.915;0.71428573;0.9786096;0.37037036
48;0.3520585894584656;0.6938775777816772;0.6345980144553534;0.8753454176701737;0.5838509316770186;0.88456714;0.6969697;0.9591837;0.42857143;0.6796395182609558;0.5073699303808354;0.741334917805506;0.3487359285354614;0.4444444444444444;0.91752577;0.55;0.95187163;0.4074074
49;0.38824227452278137;0.6835847496986389;0.6262582901571839;0.8722271517302573;0.5652173913043478;0.8814628;0.65048546;0.9510204;0.41614908;0.6954842805862427;0.5109919824187701;0.751435927906516;0.3337148427963257;0.4482758620689655;0.921875;0.54545456;0.9465241;0.44444445
50;0.3410184383392334;0.7039633393287659;0.6554469380974911;0.8828410867452571;0.6073619631901841;0.88903064;0.66071427;0.94829935;0.45962733;0.6796395182609558;0.47914700923754544;0.7466825113883937;0.35170406103134155;0.42857142857142855;0.91752577;0.55;0.95187163;0.4074074
51;0.3556792140007019;0.6887311339378357;0.668212912551719;0.891511387163561;0.6211180124223602;0.88301885;0.6732673;0.955102;0.42236024;0.6823133230209351;0.4980431208438887;0.7460883343236285;0.34872177243232727;0.41379310344827586;0.9179487;0.57894737;0.95721924;0.4074074
52;0.3564915060997009;0.6578822731971741;0.6733623432102653;0.8927451726032027;0.6104651162790697;0.87104625;0.7432432;0.97414964;0.3416149;0.666468620300293;0.48955812667359805;0.7708457120221827;0.33370441198349;0.45161290322580644;0.9137056;0.5882353;0.96256685;0.37037036
53;0.34726762771606445;0.6977521777153015;0.648947152921815;0.8889424092618413;0.6211180124223602;0.88676846;0.6545454;0.94829935;0.44720498;0.6742919683456421;0.4891267092904871;0.7565854624678153;0.34326043725013733;0.4482758620689655;0.9166667;0.5;0.9411765;0.4074074
54;0.3451710641384125;0.6710736751556396;0.6430720151780552;0.8855368234250222;0.5838509316770186;0.87623763;0.6931818;0.9632653;0.378882;0.6637948155403137;0.4426136532422171;0.7427213309566251;0.3815004229545593;0.4444444444444444;0.9132653;0.5555556;0.95721924;0.37037036
55;0.3546426594257355;0.6841762661933899;0.6729831659305872;0.8920860269573668;0.6358024691358025;0.88074535;0.71428573;0.96462584;0.4037267;0.6452763080596924;0.4612471394628298;0.726282432164785;0.37933310866355896;0.4482758620689655;0.9086294;0.5294118;0.95721924;0.33333334
56;0.33783581852912903;0.6928128004074097;0.6572225052588403;0.8929817889888875;0.6121212121212121;0.88389516;0.7157895;0.9632653;0.42236024;0.655773401260376;0.4623367843306192;0.7244999009704892;0.3868946135044098;0.4074074074074074;0.9119171;0.47619048;0.9411765;0.37037036
57;0.3636128306388855;0.6758355498313904;0.6509189494288575;0.8856297798622556;0.6049382716049383;0.8773006;0.75308645;0.9727891;0.378882;0.6452763080596924;0.4324246380489957;0.7076648841354723;0.36969462037086487;0.39285714285714285;0.9086294;0.5294118;0.95721924;0.33333334
58;0.35304293036460876;0.7216207981109619;0.6411715943224701;0.8830439007901296;0.6172839506172839;0.8962386;0.648;0.9401361;0.5031056;0.6979600191116333;0.43771797871717544;0.7258863141216082;0.41704699397087097;0.4482758620689655;0.92432433;0.44827586;0.9144385;0.4814815
59;0.34889742732048035;0.6609878540039062;0.6719309010508634;0.8972831368572274;0.6273291925465838;0.8721072;0.74666667;0.97414964;0.3478261;0.6506239175796509;0.4720936818682069;0.7060804119627648;0.3596491813659668;0.42857142857142855;0.90954775;0.6;0.96791446;0.33333334
60;0.3427969813346863;0.6883466243743896;0.645572417088438;0.8859847044407825;0.6273291925465838;0.8825;0.6979167;0.9605442;0.41614908;0.6504257917404175;0.480322782522946;0.7274707862943157;0.4041721224784851;0.42857142857142855;0.91099477;0.4347826;0.93048126;0.37037036
61;0.37802907824516296;0.6745637655258179;0.6549852935651496;0.8854438669877889;0.6211180124223602;0.8778055;0.67021275;0.95782316;0.39130434;0.6769657135009766;0.491218184753871;0.7514359279065161;0.37075182795524597;0.43333333333333335;0.91709846;0.52380955;0.9465241;0.4074074
62;0.3553456962108612;0.6783496141433716;0.665990093446287;0.8931761524485572;0.6073619631901841;0.87905234;0.68085104;0.9591837;0.39751554;0.6716181039810181;0.5209293457020675;0.7431174489998019;0.3637375831604004;0.48148148148148145;0.9162304;0.47826087;0.93582886;0.4074074
63;0.3564364016056061;0.6759243011474609;0.6539753449358968;0.8740355769637047;0.6011904761904762;0.87810946;0.6847826;0.9605442;0.39130434;0.6769657135009766;0.5248703609809482;0.7346009110714993;0.3644731342792511;0.48148148148148145;0.91709846;0.52380955;0.9465241;0.4074074
64;0.3569211959838867;0.6969831585884094;0.6790078514475674;0.8965817382853762;0.639751552795031;0.8856784;0.7;0.9591837;0.4347826;0.6742919683456421;0.5398904615969363;0.7698554169142404;0.3621199429035187;0.4827586206896552;0.9166667;0.5;0.9411765;0.4074074
65;0.35624799132347107;0.7160011529922485;0.684411280796191;0.8978408754806271;0.6459627329192547;0.8929936;0.6936937;0.9537415;0.47826087;0.6901366710662842;0.5232009432432169;0.7615369380075262;0.3387472331523895;0.48148148148148145;0.92105263;0.5;0.93582886;0.44444445
66;0.3587849736213684;0.7288080453872681;0.6895655999290213;0.900815481472092;0.6341463414634146;0.89819586;0.68333334;0.94829935;0.50931674;0.6847890615463257;0.5200769970662029;0.7492572786690435;0.3591140806674957;0.48148148148148145;0.92021275;0.46153846;0.9251337;0.44444445
67;0.3638700842857361;0.6634131669998169;0.6716800360921203;0.8962099125364432;0.6257668711656442;0.8730159;0.74025977;0.9727891;0.35403726;0.6823133230209351;0.4255344022575349;0.7441077441077442;0.35497012734413147;0.4074074074074074;0.9179487;0.57894737;0.95721924;0.4074074
68;0.3602861762046814;0.6972789168357849;0.6866827692396069;0.902192926860185;0.639751552795031;0.8852868;0.7340425;0.9659864;0.42857143;0.6769657135009766;0.42325588991914725;0.7395523866112101;0.36852598190307617;0.4642857142857143;0.91709846;0.52380955;0.9465241;0.4074074
69;0.34144923090934753;0.6713694334030151;0.6736276441929622;0.8976127096801454;0.6167664670658682;0.87592137;0.73170733;0.97006804;0.3726708;0.6796395182609558;0.520512711895727;0.7445038621509209;0.382209837436676;0.4444444444444444;0.91752577;0.55;0.95187163;0.4074074
70;0.3507063686847687;0.6879621148109436;0.6735001229215125;0.9002154899226772;0.6196319018404908;0.8819876;0.72527474;0.9659864;0.4099379;0.6742919683456421;0.49622301496932253;0.7456922162804515;0.37315434217453003;0.4444444444444444;0.9166667;0.5;0.9411765;0.4074074
71;0.3416120707988739;0.6893227100372314;0.6804264300229792;0.8935479781974902;0.6204819277108434;0.88228005;0.74157304;0.9687075;0.4099379;0.6876609325408936;0.4336502811722829;0.7415329768270944;0.40757882595062256;0.4444444444444444;0.9187817;0.64705884;0.96791446;0.4074074
72;0.3535173237323761;0.670600414276123;0.6714846226073806;0.8933536147378206;0.6086956521739131;0.875;0.8055556;0.9809524;0.36024845;0.6691424250602722;0.4717093762660886;0.7397504456327985;0.3598085641860962;0.4444444444444444;0.9141414;0.625;0.96791446;0.37037036
73;0.33920079469680786;0.7589766383171082;0.66866445092581;0.8918071576456671;0.6086956521739131;0.9117647;0.6418919;0.92789114;0.59006214;0.7033076286315918;0.44938811606875906;0.7334125569419687;0.4360930919647217;0.48148148148148145;0.9251337;0.4814815;0.9251337;0.4814815
74;0.3460846245288849;0.6755397915840149;0.6560656823782544;0.8894663455444289;0.6071428571428571;0.8776267;0.7126437;0.9659864;0.38509318;0.6584472060203552;0.4391657059160987;0.6886512180629827;0.40250155329704285;0.39285714285714285;0.91237116;0.5;0.9465241;0.37037036
75;0.34786659479141235;0.7534457445144653;0.6715296204601069;0.8902099970422951;0.6149068322981367;0.90945405;0.6413793;0.92925173;0.57763976;0.6979600191116333;0.41132624310306043;0.7298474945533768;0.4010998606681824;0.4642857142857143;0.92432433;0.44827586;0.9144385;0.4814815
76;0.33910009264945984;0.6429458856582642;0.6722440773235694;0.895500063379389;0.6086956521739131;0.86531585;0.84210527;0.9877551;0.29813665;0.6428005695343018;0.44678719481721213;0.6876609229550406;0.38627439737319946;0.4074074074074074;0.90686274;0.8;0.98930484;0.2962963
77;0.3466576039791107;0.7228926420211792;0.6956186749701553;0.8985760763932903;0.6385542168674698;0.89540815;0.70535713;0.955102;0.49068323;0.6769657135009766;0.5156922823686511;0.7486631016042781;0.3768250644207001;0.41379310344827586;0.91709846;0.52380955;0.9465241;0.4074074
78;0.34293678402900696;0.7457852959632874;0.6826022914395117;0.8913508260447035;0.5987654320987654;0.9055118;0.6641791;0.93877554;0.55279505;0.6979600191116333;0.4331264706216258;0.7340067340067341;0.3850882351398468;0.4642857142857143;0.92432433;0.44827586;0.9144385;0.4814815
79;0.3419625461101532;0.7087252140045166;0.6827031014277316;0.9013985718511007;0.6287425149700598;0.8900126;0.7047619;0.95782316;0.45962733;0.7035056352615356;0.45878320415160845;0.7593582887700534;0.3540985584259033;0.4444444444444444;0.9230769;0.6315789;0.96256685;0.44444445
80;0.3539494574069977;0.710766077041626;0.6747179322737058;0.8963873748257067;0.6036585365853658;0.8904282;0.7254902;0.96190476;0.45962733;0.7035056352615356;0.4730989513031669;0.7112299465240641;0.3882277309894562;0.4444444444444444;0.9230769;0.6315789;0.96256685;0.44444445
81;0.3408818244934082;0.7395740747451782;0.6838150775983742;0.8963620230700976;0.6149068322981367;0.9031414;0.65909094;0.93877554;0.54037267;0.6901366710662842;0.44442729948281046;0.7250940780352545;0.3866133391857147;0.4444444444444444;0.92105263;0.5;0.93582886;0.44444445
82;0.3447381556034088;0.719402551651001;0.6825530279310623;0.8948747200743651;0.6049382716049383;0.89367086;0.7264151;0.9605442;0.47826087;0.6981580257415771;0.503555337714232;0.7308377896613191;0.3703519403934479;0.48148148148148145;0.9222798;0.5714286;0.95187163;0.44444445
83;0.34452006220817566;0.7073646783828735;0.6953367768311316;0.9031224912325179;0.6273291925465838;0.88973385;0.69158876;0.955102;0.45962733;0.6796395182609558;0.4475470250306464;0.744503862150921;0.36124491691589355;0.4482758620689655;0.91752577;0.55;0.95187163;0.4074074
84;0.3504384160041809;0.6872818470001221;0.6862879636083875;0.9032154476697511;0.6086956521739131;0.8818408;0.7173913;0.96462584;0.4099379;0.6823133230209351;0.46152503045799015;0.7750049514755397;0.3368682861328125;0.4444444444444444;0.9179487;0.57894737;0.95721924;0.4074074
85;0.3453845679759979;0.6897071599960327;0.6885061909877658;0.9077872142645877;0.6211180124223602;0.882793;0.71276593;0.9632653;0.41614908;0.6796395182609558;0.4485710290826633;0.7734204793028322;0.34531843662261963;0.4444444444444444;0.91752577;0.55;0.95187163;0.4074074
86;0.34235721826553345;0.6699201464653015;0.7068042657613356;0.9073900367600456;0.6149068322981367;0.8748481;0.79452056;0.97959185;0.36024845;0.6532976627349854;0.399742365578356;0.7205387205387205;0.3995282053947449;0.4074074074074074;0.91;0.64285713;0.973262;0.33333334
87;0.36752864718437195;0.6927240490913391;0.7017156639405682;0.9010013943465585;0.6086956521739131;0.8830049;0.78571427;0.9755102;0.4099379;0.6823133230209351;0.39524934228892683;0.7229154287977817;0.3526327610015869;0.4444444444444444;0.9179487;0.57894737;0.95721924;0.4074074
88;0.34675124287605286;0.6858326196670532;0.7180477081933456;0.908539316347657;0.6411764705882353;0.8806888;0.7710843;0.97414964;0.39751554;0.6637948155403137;0.4651493428465779;0.7447019211725093;0.357928991317749;0.4444444444444444;0.9132653;0.5555556;0.95721924;0.37037036
89;0.3383583426475525;0.6844720840454102;0.6925495312049785;0.9013056154138674;0.6036585365853658;0.8803946;0.7529412;0.9714286;0.39751554;0.6849871277809143;0.4123816610033377;0.7320261437908496;0.38232094049453735;0.4074074074074074;0.9183673;0.6111111;0.96256685;0.4074074
90;0.3435377776622772;0.7106773257255554;0.699754189311967;0.8968944099378882;0.6219512195121951;0.889441;0.7912088;0.97414964;0.44720498;0.6954842805862427;0.4993605520734566;0.7724301841948901;0.341153085231781;0.48148148148148145;0.921875;0.54545456;0.9465241;0.44444445
91;0.3421500325202942;0.6902987360954285;0.6983373953535531;0.9007225250348587;0.6181818181818182;0.88206387;0.79268295;0.9768708;0.4037267;0.6769657135009766;0.4991211859110738;0.7464844523668054;0.3542068302631378;0.4482758620689655;0.91709846;0.52380955;0.9465241;0.4074074
92;0.345310777425766;0.6951493620872498;0.7019252690412212;0.9025732031943212;0.6211180124223602;0.8839506;0.7790698;0.97414964;0.41614908;0.6876609325408936;0.46398079005712944;0.7159833630421866;0.3798516094684601;0.41379310344827586;0.9187817;0.64705884;0.96791446;0.4074074
93;0.3353442847728729;0.7068914175033569;0.6943259399589449;0.8999450711961804;0.6331360946745562;0.88819873;0.7802198;0.9727891;0.4409938;0.666468620300293;0.4989569704901034;0.7631214101802337;0.36433589458465576;0.4482758620689655;0.9137056;0.5882353;0.96256685;0.37037036
94;0.3375091552734375;0.6681751012802124;0.699068697677647;0.904871762369544;0.6091954022988506;0.874092;0.8142857;0.9823129;0.35403726;0.6374529600143433;0.4542049299854186;0.7130124777183601;0.3610168397426605;0.4074074074074074;0.9059406;0.6666667;0.9786096;0.2962963
95;0.3393044173717499;0.7273588180541992;0.713441476471687;0.9066886381881947;0.6273291925465838;0.8968153;0.7207207;0.95782316;0.49689442;0.6981580257415771;0.5152474684072255;0.7546048722519311;0.3891341984272003;0.5185185185185185;0.9222798;0.5714286;0.95187163;0.44444445
96;0.3605046272277832;0.6592428684234619;0.7131649341888786;0.9093083196011325;0.6484848484848484;0.8713592;0.7638889;0.9768708;0.3416149;0.6718161702156067;0.49543773661199736;0.7530204000792236;0.3292033076286316;0.48148148148148145;0.91457283;0.6666667;0.973262;0.37037036
97;0.34024569392204285;0.6834072470664978;0.6969547356922767;0.8896522584188955;0.6419753086419753;0.8797546;0.7777778;0.9755102;0.39130434;0.6956822872161865;0.4847199966595631;0.7421271538918598;0.4017554521560669;0.48148148148148145;0.92;0.78571427;0.98395723;0.4074074
98;0.34369876980781555;0.6965986490249634;0.7079969462326396;0.9024210926606667;0.6273291925465838;0.8851436;0.7263158;0.96462584;0.42857143;0.7088532447814941;0.5553901797471399;0.7647058823529412;0.33607786893844604;0.5185185185185185;0.92385787;0.7058824;0.973262;0.44444445
99;0.35036346316337585;0.6754510402679443;0.708186549633836;0.905801326741877;0.6335403726708074;0.87682927;0.7894737;0.9782313;0.3726708;0.7088532447814941;0.5756890563748758;0.7722321251733016;0.31970855593681335;0.5185185185185185;0.92385787;0.7058824;0.973262;0.44444445
0;0.4617038071155548;0.6316770315170288;0.595613698437535;0.8571090548020451;0.5432098765432098;0.8623188;0.6911765;0.9714286;0.29192546;0.6321053504943848;0.5530108777079387;0.8665082194493959;0.2900024354457855;0.5;0.905;0.5714286;0.96791446;0.2962963
1;0.39593562483787537;0.6592428684234619;0.638892540721921;0.8905987239616343;0.6047904191616766;0.8713592;0.7638889;0.9768708;0.3416149;0.6559714674949646;0.5630424829954167;0.8247177658942365;0.28613898158073425;0.4838709677419355;0.9104478;0.6923077;0.9786096;0.33333334
0;0.5014157891273499;0.5;0.45956302035841756;0.7877720032112224;0.43478260869565216;0.8203125;nan;1.0;0.0;0.5;0.4092232650522391;0.8019409784115665;0.36346110701560974;0.3953488372093023;0.87383175;nan;1.0;0.0
1;0.42097750306129456;0.7251108884811401;0.6354874678551036;0.887826932015042;0.6196319018404908;0.8980392;0.6335878;0.9346939;0.51552796;0.6874628663063049;0.5475636704681378;0.8562091503267975;0.30738532543182373;0.48148148148148145;0.9206349;0.48;0.93048126;0.44444445
2;0.3831109404563904;0.7381248474121094;0.6950487581152224;0.9073815861748427;0.6585365853658537;0.9016818;0.6910569;0.94829935;0.5279503;0.7008318305015564;0.6191419605326807;0.8888888888888888;0.2836381196975708;0.48148148148148145;0.92268044;0.6;0.95721924;0.44444445
3;0.36890071630477905;0.6370304822921753;0.7404833799592491;0.915206828072844;0.6770186335403726;0.86304605;0.9183673;0.9945578;0.2795031;0.6242820620536804;0.6102245583996672;0.8748266983561102;0.3269050121307373;0.5555555555555556;0.902439;0.7777778;0.98930484;0.25925925
4;0.37090441584587097;0.767346978187561;0.7486982923361696;0.918206785819918;0.7012195121951219;0.9111969;0.77310926;0.9632653;0.5714286;0.7220242023468018;0.5782777489438147;0.8496732026143791;0.28980714082717896;0.5555555555555556;0.92783505;0.65;0.96256685;0.4814815
5;0.3356827199459076;0.8350783586502075;0.776458188425498;0.935260066759623;0.7391304347826086;0.9394347;0.75816995;0.9496599;0.7204969;0.7138047218322754;0.552190444597958;0.8369974252327194;0.3374888598918915;0.48148148148148145;0.92896175;0.4516129;0.90909094;0.5185185
6;0.33941903710365295;0.6605146527290344;0.7861541232802336;0.928533400938015;0.7267080745341615;0.87096775;0.89830506;0.9918367;0.32919255;0.6771637797355652;0.5292917019187804;0.7991681521093286;0.2999006509780884;0.4444444444444444;0.91542286;0.7692308;0.98395723;0.37037036
7;0.30108484625816345;0.8431233167648315;0.7605233541005275;0.936586808636498;0.7329192546583851;0.94497937;0.71597636;0.9346939;0.7515528;0.7216280698776245;0.5047882681444239;0.8540305010893247;0.30561259388923645;0.4827586206896552;0.9325843;0.41666666;0.88770056;0.5555556
8;0.3096720278263092;0.8595385551452637;0.7965578907420562;0.9418261714623738;0.7777777777777778;0.94864863;0.78846157;0.955102;0.76397514;0.8037235140800476;0.552378944988267;0.8524460289166171;0.2780405282974243;0.5925925925925926;0.9548023;0.5135135;0.9037433;0.7037037
9;0.3029642105102539;0.8554569482803345;0.8119479455942178;0.9441585329784087;0.7639751552795031;0.9482289;0.7592593;0.94693875;0.76397514;0.7454941272735596;0.48874148579276977;0.8669043374925728;0.29204946756362915;0.5357142857142857;0.9385475;0.45714286;0.8983957;0.5925926
10;0.2996969223022461;0.7658089399337769;0.8494401654517717;0.9537499471838424;0.7730061349693251;0.9084065;0.8888889;0.985034;0.54658383;0.7115270495414734;0.6021411669541484;0.8459100812041987;0.28503838181495667;0.5185185185185185;0.92424244;0.75;0.9786096;0.44444445
11;0.304658442735672;0.8304347991943359;0.8508659667179596;0.9487302995732454;0.7639751552795031;0.934555;0.84090906;0.9714286;0.68944097;0.769558310508728;0.6444875338877163;0.8884927708457121;0.26618239283561707;0.6206896551724138;0.94148934;0.61538464;0.9465241;0.5925926
12;0.2660297453403473;0.8803904056549072;0.8540640824131066;0.9487218489880425;0.7738095238095238;0.96083915;0.73480666;0.9346939;0.82608694;0.7876807451248169;0.5773802690804692;0.8857199445434739;0.32472914457321167;0.5483870967741935;0.9532164;0.44186047;0.8716577;0.7037037
13;0.2778933346271515;0.8677905797958374;0.8581935542143485;0.9578400304221067;0.7975460122699386;0.951417;0.8064516;0.9591837;0.7763975;0.7854030132293701;0.633433270727136;0.9124579124579124;0.2631494700908661;0.6071428571428571;0.94623655;0.60714287;0.9411765;0.6296296
14;0.28102603554725647;0.8612836599349976;0.8519200509654623;0.9551189419867326;0.7763975155279503;0.9497965;0.7798742;0.95238096;0.77018636;0.7376708388328552;0.5552167522917079;0.8762131115072291;0.2953433394432068;0.5555555555555556;0.9347826;0.5;0.9197861;0.5555556
15;0.24434567987918854;0.8486838340759277;0.8752324288317093;0.9607047788059324;0.8012422360248447;0.9410223;0.87218046;0.9768708;0.7204969;0.7934244275093079;0.646478188325141;0.875222816399287;0.30438879132270813;0.6666666666666666;0.94708997;0.68;0.95721924;0.6296296
16;0.2797272503376007;0.8749778270721436;0.8835504599417839;0.963265306122449;0.8303030303030303;0.9530831;0.84;0.96734697;0.7826087;0.8224400877952576;0.6386056217703764;0.8639334521687462;0.2713024318218231;0.6333333333333333;0.95652175;0.6333333;0.9411765;0.7037037
17;0.25081950426101685;0.9094942212104797;0.8653792831229843;0.962572358135801;0.8220858895705522;0.97684515;0.70731705;0.9183673;0.9006211;0.7689641714096069;0.5530713834199528;0.866112101406219;0.4165716767311096;0.5555555555555556;0.9512195;0.38;0.8342246;0.7037037
18;0.26912298798561096;0.9070689082145691;0.8797520814221349;0.960214644864157;0.8198757763975155;0.975469;0.7093596;0.91972786;0.89440995;0.7876807451248169;0.5711645484279753;0.8536343830461477;0.3557335436344147;0.5185185185185185;0.9532164;0.44186047;0.8716577;0.7037037
19;0.24100029468536377;0.8984619975090027;0.8965254060109884;0.9688764946972578;0.8395061728395061;0.9633152;0.8375;0.96462584;0.83229816;0.8117449283599854;0.5689128049688317;0.8730441671618142;0.3185470402240753;0.6071428571428571;0.95555556;0.5588235;0.9197861;0.7037037
20;0.25328341126441956;0.7512570023536682;0.8901719381127233;0.9675413022351798;0.8404907975460123;0.9023486;0.9425287;0.99319726;0.50931674;0.7512378692626953;0.6779689171554977;0.8474945533769063;0.3008061349391937;0.6296296296296297;0.93401015;0.8235294;0.98395723;0.5185185
